id,name,album,album_id,artists,artist_ids,track_number,disc_number,explicit,danceability,energy,key,loudness,mode,speechiness,acousticness,instrumentalness,liveness,valence,tempo,duration_ms,time_signature,year,release_date
7lmeHLHBe4nmXzuXc0HDjk,Testify,The Battle Of Los Angeles,2eia0myWFgoHuttJytCxgX,['Rage Against The Machine'],['2d0hyoQ5ynDBnkvAbJKORj'],1,1,FALSE,0.47,0.978,7,-5.399,1,0.0727,0.0261,1.09E-05,0.356,0.503,117.906,210133,4,1999,11/2/1999
1wsRitfRRtWyEapl0q22o8,Guerrilla Radio,The Battle Of Los Angeles,2eia0myWFgoHuttJytCxgX,['Rage Against The Machine'],['2d0hyoQ5ynDBnkvAbJKORj'],2,1,TRUE,0.599,0.957,11,-5.764,1,0.188,0.0129,7.06E-05,0.155,0.489,103.68,206200,4,1999,11/2/1999
2SwgVZn9S4NGueAaEAryf1,Man on a Mission,Do It for Love,4evw6IBex3N8x1oA2axMTH,['Daryl Hall & John Oates'],['77tT1kLj6mCWtFNqiOmP9H'],1,1,FALSE,0.787,0.903,0,-4.894,1,0.0315,0.292,2.48E-05,0.101,0.962,119.946,224307,4,2018,4/10/2018
0QCQ1Isa0YPVyIbs6JwpO1,Do It for Love,Do It for Love,4evw6IBex3N8x1oA2axMTH,['Daryl Hall & John Oates'],['77tT1kLj6mCWtFNqiOmP9H'],2,1,FALSE,0.587,0.958,4,-5.149,1,0.0586,0.107,0,0.0574,0.832,87.976,238000,4,2018,4/10/2018
5nvUqq0fvB0GN6mqzDc9Ey,Love Is A Matter Of Distance,Fridays Child,0eaPZK3nTV2Ei075j2t6Na,['Will Young'],['2U6gqwyl9F33YxawnFrZG7'],5,1,FALSE,0.543,0.56,8,-6.982,1,0.024,0.51,0,0.0954,0.304,99.941,178027,4,2003,12/1/2003
4KepeWvq5KfZUevd0cQ70T,Dance The Night Away,Fridays Child,0eaPZK3nTV2Ei075j2t6Na,['Will Young'],['2U6gqwyl9F33YxawnFrZG7'],6,1,FALSE,0.77,0.757,11,-5.386,0,0.044,0.173,8.87E-06,0.0244,0.596,99.994,245573,4,2003,12/1/2003
3VXoePG7JjYl2ay8fzLhtG,Very Kind,Fridays Child,0eaPZK3nTV2Ei075j2t6Na,['Will Young'],['2U6gqwyl9F33YxawnFrZG7'],7,1,FALSE,0.77,0.288,9,-10.32,0,0.0526,0.112,0,0.164,0.44,79.962,310013,4,2003,12/1/2003
41YN3uBz1PpFNZtmAAaSKS,Free,Fridays Child,0eaPZK3nTV2Ei075j2t6Na,['Will Young'],['2U6gqwyl9F33YxawnFrZG7'],8,1,FALSE,0.717,0.616,6,-8.087,0,0.0277,0.0576,0,0.0497,0.692,98.628,247067,4,2003,12/1/2003
2nO4uKyReZHH7JS61yT2nS,Going My Way,Fridays Child,0eaPZK3nTV2Ei075j2t6Na,['Will Young'],['2U6gqwyl9F33YxawnFrZG7'],9,1,FALSE,0.564,0.395,11,-9.912,1,0.125,0.337,0,0.289,0.374,84.896,221347,4,2003,12/1/2003
4L4Ug6ah2UXH3JDlpeduRf,Out Of My Mind,Fridays Child,0eaPZK3nTV2Ei075j2t6Na,['Will Young'],['2U6gqwyl9F33YxawnFrZG7'],10,1,FALSE,0.79,0.83,7,-7.254,1,0.0623,0.0472,0,0.13,0.945,120.955,187640,4,2003,12/1/2003
2JgPlDkLbdcRk5Jp3e7Pgm,Friday's Child,Fridays Child,0eaPZK3nTV2Ei075j2t6Na,['Will Young'],['2U6gqwyl9F33YxawnFrZG7'],11,1,FALSE,0.545,0.689,6,-7.063,1,0.0394,0.0998,0.13,0.116,0.796,164.003,540933,4,2003,12/1/2003
1dVT2CbuH0j9rKco5dvkLI,Love Loves You Too,Dart To The Heart,2yxoWG32Id6PzkER95aCtY,['Bruce Cockburn'],['4sh4MHP7lhrSUakxwZzwqz'],9,1,FALSE,0.613,0.294,4,-13.13,1,0.0311,0.811,0.0243,0.108,0.174,81.959,253933,4,1994,3/1/1994
3bM7rvHfGmCxRPOiPE177Y,Sunrise On The Mississippi,Dart To The Heart,2yxoWG32Id6PzkER95aCtY,['Bruce Cockburn'],['4sh4MHP7lhrSUakxwZzwqz'],10,1,FALSE,0.568,0.307,0,-13.334,1,0.0428,0.877,0.898,0.265,0.76,142.663,181133,4,1994,3/1/1994
2IHBrlBh7aurAatdXG2yTb,Closer to the Light,Dart To The Heart,2yxoWG32Id6PzkER95aCtY,['Bruce Cockburn'],['4sh4MHP7lhrSUakxwZzwqz'],11,1,FALSE,0.536,0.219,11,-18.2,0,0.03,0.34,0.0362,0.123,0.306,143.576,250333,3,1994,3/1/1994
7rrMXOKZNmoO10wgvwNj5H,Tie Me At The Crossroads,Dart To The Heart,2yxoWG32Id6PzkER95aCtY,['Bruce Cockburn'],['4sh4MHP7lhrSUakxwZzwqz'],12,1,FALSE,0.586,0.742,9,-6.884,1,0.0493,0.023,8.77E-06,0.0697,0.968,170.009,170507,4,1994,3/1/1994
6LiqMOJNu3pMKO6M1cTsgA,Amber Waves,Scarlet's Walk,5JnLg2nd43M3NS4NfVrIdQ,['Tori Amos'],['1KsASRNugxU85T0u6zSg32'],1,1,FALSE,0.576,0.494,9,-9.917,1,0.0262,0.898,0.00443,0.139,0.437,100,219400,4,2002,10/28/2002
5qGqSVrQC55BPAKhJj5Ftv,Your Cloud,Scarlet's Walk,5JnLg2nd43M3NS4NfVrIdQ,['Tori Amos'],['1KsASRNugxU85T0u6zSg32'],10,1,FALSE,0.591,0.299,6,-14.459,1,0.0287,0.847,0.0455,0.106,0.149,113.019,270680,4,2002,10/28/2002
3UkYhZrL4RrjQbxxth6uQ0,Pancake,Scarlet's Walk,5JnLg2nd43M3NS4NfVrIdQ,['Tori Amos'],['1KsASRNugxU85T0u6zSg32'],11,1,FALSE,0.592,0.55,2,-9.097,0,0.0284,0.8,0.00364,0.114,0.573,133.952,234827,4,2002,10/28/2002
0AByf8LXqfnKa1UW7kbxsr,I Can't See New York,Scarlet's Walk,5JnLg2nd43M3NS4NfVrIdQ,['Tori Amos'],['1KsASRNugxU85T0u6zSg32'],12,1,FALSE,0.459,0.401,5,-11.675,0,0.0271,0.876,0.0941,0.0762,0.18,101.636,434907,4,2002,10/28/2002
1ymMLSCjjk9tuVC0ZhfmBh,mrs. jesus,Scarlet's Walk,5JnLg2nd43M3NS4NfVrIdQ,['Tori Amos'],['1KsASRNugxU85T0u6zSg32'],13,1,FALSE,0.485,0.295,9,-12.633,1,0.0324,0.921,0.0283,0.177,0.223,123.168,185253,4,2002,10/28/2002
5p8pLI3XwrwiIdxdw2Rlgd,Taxi Ride,Scarlet's Walk,5JnLg2nd43M3NS4NfVrIdQ,['Tori Amos'],['1KsASRNugxU85T0u6zSg32'],14,1,FALSE,0.55,0.663,8,-7.587,1,0.0359,0.353,0.0141,0.13,0.642,166.008,240333,4,2002,10/28/2002
2tu3GBzpVQfD8gtYsIm2o5,Another Girl's Paradise,Scarlet's Walk,5JnLg2nd43M3NS4NfVrIdQ,['Tori Amos'],['1KsASRNugxU85T0u6zSg32'],15,1,FALSE,0.618,0.415,0,-10.983,1,0.0307,0.714,0.00156,0.142,0.241,123.099,214613,4,2002,10/28/2002
4lDMOr82Ks0qcXSe9hp4f0,Scarlet's Walk,Scarlet's Walk,5JnLg2nd43M3NS4NfVrIdQ,['Tori Amos'],['1KsASRNugxU85T0u6zSg32'],16,1,FALSE,0.444,0.392,3,-12.271,0,0.0273,0.963,0.0561,0.106,0.327,81.531,256853,4,2002,10/28/2002
1MjpQ68nD7GhX2GusCyPD5,Virginia,Scarlet's Walk,5JnLg2nd43M3NS4NfVrIdQ,['Tori Amos'],['1KsASRNugxU85T0u6zSg32'],17,1,FALSE,0.457,0.49,6,-10.096,0,0.0273,0.87,0.161,0.136,0.229,140.972,235147,3,2002,10/28/2002
0UxGJ0eyqOdcPrOWCNJtmp,Gold Dust,Scarlet's Walk,5JnLg2nd43M3NS4NfVrIdQ,['Tori Amos'],['1KsASRNugxU85T0u6zSg32'],18,1,FALSE,0.276,0.224,3,-11.98,0,0.0352,0.923,0.00425,0.102,0.261,127.688,356147,4,2002,10/28/2002
6RovFMOG0avksTizHRlbUi,Rosaryville,Rosaryville,747XdfKqkymjuvap8Lm1Hv,['Kate Campbell'],['1NZA6DefBtQo2PgcmBtnTg'],1,1,FALSE,0.729,0.587,5,-7.853,1,0.0276,0.336,1.53E-06,0.0668,0.636,129.833,269507,4,1999,7/20/1999
1PnJ0wTwdDQ2oTMlhLg3Ab,Porcelain Blue,Rosaryville,747XdfKqkymjuvap8Lm1Hv,['Kate Campbell'],['1NZA6DefBtQo2PgcmBtnTg'],2,1,FALSE,0.778,0.529,9,-9.579,0,0.0358,0.775,0.000431,0.111,0.704,131.983,224253,4,1999,7/20/1999
399Y2XppdMAIHU0eWjw0u3,Waste of Mind,Waste Of Mind,7bYhJeHWcA2fQcrdLEI5gJ,['zebrahead'],['6SiyKSeJo6gcsS2NvuAbsl'],5,1,FALSE,0.602,0.911,9,-6.232,1,0.0521,6.32E-05,0.00233,0.0514,0.848,120.178,212400,4,1998,10/1/1998
2GtvF6M8PbpuWRvfdq5BK3,Feel This Way,Waste Of Mind,7bYhJeHWcA2fQcrdLEI5gJ,['zebrahead'],['6SiyKSeJo6gcsS2NvuAbsl'],6,1,FALSE,0.564,0.947,9,-6.109,1,0.0905,0.00157,0,0.0955,0.703,111.034,224227,4,1998,10/1/1998
32DdumVsgJrE6JWjZQPZQ0,Walk Away,Waste Of Mind,7bYhJeHWcA2fQcrdLEI5gJ,['zebrahead'],['6SiyKSeJo6gcsS2NvuAbsl'],7,1,FALSE,0.574,0.95,9,-6.449,1,0.203,0.000795,2.62E-05,0.123,0.856,123.812,202467,4,1998,10/1/1998
5XtlUa7sa0GqmrBMcqpNG3,Big Shot,Waste Of Mind,7bYhJeHWcA2fQcrdLEI5gJ,['zebrahead'],['6SiyKSeJo6gcsS2NvuAbsl'],8,1,FALSE,0.564,0.96,7,-7.086,1,0.0893,0.00156,6.09E-06,0.0958,0.473,128.511,179600,4,1998,10/1/1998
4piMTKQtY9yMu11VowfZ1E,Swing,Waste Of Mind,7bYhJeHWcA2fQcrdLEI5gJ,['zebrahead'],['6SiyKSeJo6gcsS2NvuAbsl'],9,1,FALSE,0.658,0.917,11,-8.034,0,0.0856,8.11E-05,9.47E-05,0.482,0.713,120.783,170293,4,1998,10/1/1998
2GqczyjNgDuRm1ckhrhQCR,Jag Off,Waste Of Mind,7bYhJeHWcA2fQcrdLEI5gJ,['zebrahead'],['6SiyKSeJo6gcsS2NvuAbsl'],10,1,FALSE,0.646,0.896,6,-6.53,0,0.0576,0.00504,2.54E-05,0.122,0.854,100.953,205133,4,1998,10/1/1998
5vwjJx6VnVj8Y43bQSb26k,Time,Waste Of Mind,7bYhJeHWcA2fQcrdLEI5gJ,['zebrahead'],['6SiyKSeJo6gcsS2NvuAbsl'],11,1,FALSE,0.432,0.975,11,-6.916,1,0.186,0.000156,0.686,0.125,0.329,150.193,190333,4,1998,10/1/1998
4smDo9NdHNLe8CFzX9KptZ,Move On,Waste Of Mind,7bYhJeHWcA2fQcrdLEI5gJ,['zebrahead'],['6SiyKSeJo6gcsS2NvuAbsl'],12,1,FALSE,0.566,0.903,7,-5.955,1,0.0372,0.00107,0.000102,0.103,0.962,88.023,248133,4,1998,10/1/1998
6GoC5TMgK4S08xHutcl9SS,Fly Daze,Waste Of Mind,7bYhJeHWcA2fQcrdLEI5gJ,['zebrahead'],['6SiyKSeJo6gcsS2NvuAbsl'],13,1,FALSE,0.657,0.624,2,-7.982,1,0.0474,0.000338,6.19E-05,0.112,0.927,115.104,273427,4,1998,10/1/1998
5zy5GyMMR1ki2yJdQcA2zK,Bootylicious Vinyl,Waste Of Mind,7bYhJeHWcA2fQcrdLEI5gJ,['zebrahead'],['6SiyKSeJo6gcsS2NvuAbsl'],14,1,FALSE,0.746,0.895,11,-5.349,0,0.0786,0.0102,0.0122,0.115,0.957,108.285,206360,4,1998,10/1/1998
6x7c49NEWt9cM9nHiSntQd,Swing (Radio Edit),Swing Set,16707paUqnfatdD8OwN3Dc,['Ani DiFranco'],['0AiTwNtYX8m4uhfU7rJ8RD'],1,1,FALSE,0.834,0.596,10,-9.673,0,0.178,0.446,1.36E-05,0.0656,0.632,91.819,237187,4,2000,7/11/2000
2TgoTfwHpcS0SRLtjv2pjX,Road to Recovery,"Perhaps, I Suppose",0mKXj9hXclmhvassTP0LCw,['Rufio'],['0HjoyITAvSVktTCjXUa40Q'],10,1,FALSE,0.363,0.954,0,-4.548,1,0.0594,9.38E-05,0.00278,0.0858,0.537,126.187,213760,4,2001,2001
6WiYRSISizezL863jXH9He,Stop Whining,"Perhaps, I Suppose",0mKXj9hXclmhvassTP0LCw,['Rufio'],['0HjoyITAvSVktTCjXUa40Q'],11,1,FALSE,0.507,0.946,0,-4.639,1,0.0435,0.00079,0.000648,0.0761,0.7,119.49,159707,4,2001,2001
43mywkNjFsKXnSmEcb2dKK,Selfishness,"Perhaps, I Suppose",0mKXj9hXclmhvassTP0LCw,['Rufio'],['0HjoyITAvSVktTCjXUa40Q'],12,1,FALSE,0.409,0.935,6,-5.036,1,0.0715,0.00021,0.00721,0.281,0.448,116.794,206053,4,2001,2001
1325yD8R15P8RbBseaWtUJ,Tears,"Perhaps, I Suppose",0mKXj9hXclmhvassTP0LCw,['Rufio'],['0HjoyITAvSVktTCjXUa40Q'],13,1,FALSE,0.426,0.818,7,-4.791,0,0.0381,0.000325,0.000181,0.233,0.311,110.254,183427,3,2001,2001
6U5aVdoRcrPiGdMe8sqNEr,Save The World,"Perhaps, I Suppose",0mKXj9hXclmhvassTP0LCw,['Rufio'],['0HjoyITAvSVktTCjXUa40Q'],14,1,FALSE,0.303,0.959,1,-4.894,0,0.0644,0.000335,0.00106,0.117,0.412,118.728,211173,4,2001,2001
4YrcPTas05vOff8EBgtdOg,The Wrath,"Perhaps, I Suppose",0mKXj9hXclmhvassTP0LCw,['Rufio'],['0HjoyITAvSVktTCjXUa40Q'],15,1,FALSE,0.387,0.813,7,-6.805,1,0.0947,0.00663,0.855,0.096,0.362,111.61,109653,4,2001,2001
3YpLIrG8hG6fACaFA7NAxM,Dance On Your Knees,Big Bam Boom,3RZ6xnejkUMgzmkdlsywFu,['Daryl Hall & John Oates'],['77tT1kLj6mCWtFNqiOmP9H'],1,1,FALSE,0.561,0.814,9,-10.302,0,0.0593,0.000648,0.508,0.623,0.86,117.043,86773,4,1984,10/12/1984
0Z6HB6G3qBPZ4nMSLeS3iJ,Going Thru the Motions,Big Bam Boom,3RZ6xnejkUMgzmkdlsywFu,['Daryl Hall & John Oates'],['77tT1kLj6mCWtFNqiOmP9H'],6,1,FALSE,0.728,0.713,4,-7.72,0,0.0329,0.11,0.0671,0.0755,0.907,93.93,339480,4,1984,10/12/1984
3j9lPAzxb8PiVvLniL0DM9,Cold Dark and Yesterday,Big Bam Boom,3RZ6xnejkUMgzmkdlsywFu,['Daryl Hall & John Oates'],['77tT1kLj6mCWtFNqiOmP9H'],7,1,FALSE,0.705,0.759,9,-9.369,0,0.039,0.13,0.000411,0.177,0.955,121.9,279440,4,1984,10/12/1984
4kETpZkCBKLh3ahibBrgov,All American Girl,Big Bam Boom,3RZ6xnejkUMgzmkdlsywFu,['Daryl Hall & John Oates'],['77tT1kLj6mCWtFNqiOmP9H'],8,1,FALSE,0.66,0.863,3,-9.754,1,0.0543,0.0435,0.000297,0.0711,0.966,96.849,268360,4,1984,10/12/1984
3gGmv4fCgzDU4zbLXMXWmh,Possession Obsession,Big Bam Boom,3RZ6xnejkUMgzmkdlsywFu,['Daryl Hall & John Oates'],['77tT1kLj6mCWtFNqiOmP9H'],9,1,FALSE,0.757,0.532,7,-9.62,0,0.0283,0.119,4.36E-06,0.1,0.896,114.822,275960,4,1984,10/12/1984
4YjsbjDS1T3LxRRm5YSO4o,I Love You,The Jesus Experience,1XC4UMt4DU5SyArX2xWozu,['Bride'],['3G7qoMSLvu9Pmb0xGtf9fl'],1,1,FALSE,0.502,0.942,1,-6.646,1,0.0483,8.68E-05,0.0678,0.301,0.816,138.999,176960,4,1997,1/1/1997
58tTEyns0vNaqD3MJTRJfY,The Worm,The Jesus Experience,1XC4UMt4DU5SyArX2xWozu,['Bride'],['3G7qoMSLvu9Pmb0xGtf9fl'],2,1,FALSE,0.599,0.709,8,-6.451,1,0.0395,0.0112,0.000148,0.109,0.364,120.806,271733,4,1997,1/1/1997
0YKCWL79rIREHoIuRxWjWY,Made of Stone,The Complete Stone Roses,2X30YPHjEbDLtxwsHnUabT,['The Stone Roses'],['1lYT0A0LV5DUfxr6doRP3d'],9,1,FALSE,0.292,0.724,7,-15.71,1,0.0401,0.239,0.0375,0.326,0.627,131.589,253800,4,1995,5/15/1995
3ESOHGGy5iudYxsKos0Nmm,Going Down,The Complete Stone Roses,2X30YPHjEbDLtxwsHnUabT,['The Stone Roses'],['1lYT0A0LV5DUfxr6doRP3d'],10,1,FALSE,0.541,0.593,2,-14.583,1,0.0286,0.144,0.137,0.142,0.673,122.049,166240,4,1995,5/15/1995
0ExdhdeNjherFcr3AIo4Oe,She Bangs the Drums,The Complete Stone Roses,2X30YPHjEbDLtxwsHnUabT,['The Stone Roses'],['1lYT0A0LV5DUfxr6doRP3d'],11,1,FALSE,0.295,0.899,9,-11.625,1,0.0727,0.0523,0.00397,0.122,0.584,145.226,222573,4,1995,5/15/1995
4Y2ZCBknktoa8twMVN73La,Mersey Paradise,The Complete Stone Roses,2X30YPHjEbDLtxwsHnUabT,['The Stone Roses'],['1lYT0A0LV5DUfxr6doRP3d'],12,1,FALSE,0.428,0.856,7,-11.522,1,0.033,0.0621,0,0.136,0.9,135.832,164800,4,1995,5/15/1995
6TUBYv0ePSuFrAFfV7anY1,Standing Here,The Complete Stone Roses,2X30YPHjEbDLtxwsHnUabT,['The Stone Roses'],['1lYT0A0LV5DUfxr6doRP3d'],13,1,FALSE,0.28,0.594,9,-15.086,1,0.0339,0.56,0.125,0.138,0.527,99.659,307267,4,1995,5/15/1995
7lFz61v5oVUojYwiNJ3UYB,I Wanna Be Adored,The Complete Stone Roses,2X30YPHjEbDLtxwsHnUabT,['The Stone Roses'],['1lYT0A0LV5DUfxr6doRP3d'],14,1,FALSE,0.555,0.857,4,-11.78,0,0.0269,0.0195,0.0435,0.0851,0.785,112.668,209093,4,1995,5/15/1995
6dB382fLtwm6zPTznmhtBC,Waterfall,The Complete Stone Roses,2X30YPHjEbDLtxwsHnUabT,['The Stone Roses'],['1lYT0A0LV5DUfxr6doRP3d'],15,1,FALSE,0.523,0.532,11,-14.936,1,0.0279,0.0055,0.000622,0.0975,0.554,103.399,217200,4,1995,5/15/1995
7bcajrrXiOKemdiCuO0SzW,"Rock and Roll, Hoochie Koo",Johnny Winter: A Rock N' Roll Collection,6yn5Mylr8HsH9PVro7Fo22,['Johnny Winter'],['2ODUxmFxJSyvGiimNhMHbO'],8,1,FALSE,0.561,0.657,9,-11.87,0,0.034,0.224,3.72E-06,0.251,0.901,94.507,211023,4,1973,1973
5zWttk4d32kL5VsXrCK9G9,Rock Me Baby,Johnny Winter: A Rock N' Roll Collection,6yn5Mylr8HsH9PVro7Fo22,['Johnny Winter'],['2ODUxmFxJSyvGiimNhMHbO'],9,1,FALSE,0.284,0.706,4,-10.447,0,0.0785,0.45,0.145,0.15,0.696,190.284,229135,4,1973,1973
3PiVLjJVEtOWndg8Ulknif,Rock & Roll,Johnny Winter: A Rock N' Roll Collection,6yn5Mylr8HsH9PVro7Fo22,['Johnny Winter'],['2ODUxmFxJSyvGiimNhMHbO'],10,1,FALSE,0.394,0.706,7,-12.147,1,0.0556,0.07,0.00627,0.148,0.563,141.695,284723,4,1973,1973
0hAElYbdXZbnge3xkcSTem,Sitting In The Jailhouse,Johnny Winter: A Rock N' Roll Collection,6yn5Mylr8HsH9PVro7Fo22,['Johnny Winter'],['2ODUxmFxJSyvGiimNhMHbO'],11,1,FALSE,0.418,0.861,5,-8.35,1,0.0558,0.00483,0.000102,0.169,0.625,135.582,198809,4,1973,1973
4xg0j0Xc8ZCEFLqBLE0Cde,Baby Watcha Want Me To Do - Live,Johnny Winter: A Rock N' Roll Collection,6yn5Mylr8HsH9PVro7Fo22,['Johnny Winter'],['2ODUxmFxJSyvGiimNhMHbO'],12,1,FALSE,0.36,0.804,2,-9.972,1,0.0586,0.565,0.00327,0.983,0.695,109.264,671707,4,1973,1973
5iKC53qQFmy3GeWZ7lN3gM,Bony Moronie - Live,Johnny Winter: A Rock N' Roll Collection,6yn5Mylr8HsH9PVro7Fo22,['Johnny Winter'],['2ODUxmFxJSyvGiimNhMHbO'],1,2,FALSE,0.263,0.968,2,-9.421,1,0.0742,0.0852,0.00275,0.984,0.458,160.663,407464,4,1973,1973
4XJoAKflOdWxFXKfbKAZbt,It's All Over Now,Johnny Winter: A Rock N' Roll Collection,6yn5Mylr8HsH9PVro7Fo22,['Johnny Winter'],['2ODUxmFxJSyvGiimNhMHbO'],2,2,FALSE,0.463,0.947,2,-10.034,1,0.0553,0.281,0.0205,0.985,0.472,107.311,376535,4,1973,1973
2mMDi7KZUe5zlUszmMSDwN,TV Mama,Johnny Winter: A Rock N' Roll Collection,6yn5Mylr8HsH9PVro7Fo22,['Johnny Winter'],['2ODUxmFxJSyvGiimNhMHbO'],3,2,FALSE,0.79,0.58,6,-12.255,1,0.0688,0.628,0.00795,0.364,0.777,105.031,189336,4,1973,1973
6HY5MSZYUrhZJavVPcd1DF,Drinkin' Blues,Johnny Winter: A Rock N' Roll Collection,6yn5Mylr8HsH9PVro7Fo22,['Johnny Winter'],['2ODUxmFxJSyvGiimNhMHbO'],4,2,FALSE,0.231,0.878,11,-10.315,0,0.0673,0.783,0.744,0.434,0.581,199.324,220497,4,1973,1973
5qYQSHBnaiBGSii5FfOZC1,Walkin' Thru the Park,Johnny Winter: A Rock N' Roll Collection,6yn5Mylr8HsH9PVro7Fo22,['Johnny Winter'],['2ODUxmFxJSyvGiimNhMHbO'],5,2,FALSE,0.47,0.81,7,-9.808,1,0.124,0.688,0.778,0.0664,0.826,142.66,247227,4,1973,1973
1dyLYQpMo3VVKseZGUaYE2,I'm Not Sure,Johnny Winter: A Rock N' Roll Collection,6yn5Mylr8HsH9PVro7Fo22,['Johnny Winter'],['2ODUxmFxJSyvGiimNhMHbO'],6,2,FALSE,0.3,0.63,3,-12.025,1,0.045,3.91E-05,0.00119,0.141,0.84,171.251,319135,4,1973,1973
0DULJRUcikqmxebWzNVfoV,Guess I'll Go Away,Johnny Winter: A Rock N' Roll Collection,6yn5Mylr8HsH9PVro7Fo22,['Johnny Winter'],['2ODUxmFxJSyvGiimNhMHbO'],7,2,FALSE,0.226,0.802,2,-10.228,0,0.0881,0.119,7.97E-06,0.306,0.664,189.419,205915,4,1973,1973
5OME4sV97G4rrpDlfPRKCW,Thirty Days - Previously Unreleased,Johnny Winter: A Rock N' Roll Collection,6yn5Mylr8HsH9PVro7Fo22,['Johnny Winter'],['2ODUxmFxJSyvGiimNhMHbO'],8,2,FALSE,0.613,0.843,0,-9.591,1,0.0444,0.0613,0.000349,0.264,0.888,108.416,178190,4,1973,1973
0idZrDcfPLGHOsu5W3wuv7,Come on in My Kitchen,Johnny Winter: A Rock N' Roll Collection,6yn5Mylr8HsH9PVro7Fo22,['Johnny Winter'],['2ODUxmFxJSyvGiimNhMHbO'],9,2,FALSE,0.48,0.34,5,-14.807,0,0.0502,0.409,0.000297,0.185,0.629,149.236,303533,3,1973,1973
0gcwlC2uR5EQDvxGYzfm4k,Highway 61 Revisited - Live,Johnny Winter: A Rock N' Roll Collection,6yn5Mylr8HsH9PVro7Fo22,['Johnny Winter'],['2ODUxmFxJSyvGiimNhMHbO'],10,2,FALSE,0.17,0.994,2,-9.594,1,0.0964,0.0157,0.399,0.943,0.314,167.934,645793,4,1973,1973
3hYu7LIOw28xTBz4uFK5Ij,Nest,We Apologise For Any Inconvenience,0duwYYWvmZm8cSQRe5u0RD,['Zorras'],['7pzMfr6cKMht2pNA6mhomU'],1,1,FALSE,0.799,0.128,4,-14.838,0,0.0675,0.866,2.42E-05,0.107,0.3,124.705,275893,4,2010,3/1/2010
33P9Sm5CCNXqHXJ6E2ups6,In the Details 1,We Apologise For Any Inconvenience,0duwYYWvmZm8cSQRe5u0RD,['Zorras'],['7pzMfr6cKMht2pNA6mhomU'],2,1,FALSE,0.568,0.137,2,-18.1,1,0.0611,0.894,0.00116,0.117,0.1,134.894,73187,3,2010,3/1/2010
5r0obQFGrTf6pCBIGex4DW,Still Alive and Well,Still Alive And Well,028UyLRMn9HnuTvRaWAVTF,['Johnny Winter'],['2ODUxmFxJSyvGiimNhMHbO'],8,1,FALSE,0.474,0.865,4,-7.399,0,0.168,0.258,0.197,0.101,0.669,183.512,223827,4,1973,1973
6NAfJEV3iWiGiDDU7egqPf,Too Much Seconal,Still Alive And Well,028UyLRMn9HnuTvRaWAVTF,['Johnny Winter'],['2ODUxmFxJSyvGiimNhMHbO'],9,1,FALSE,0.616,0.543,0,-11.565,1,0.0486,0.329,0.000129,0.412,0.796,107.69,262000,4,1973,1973
77I36COphL65mV1toBd83q,Let It Bleed,Still Alive And Well,028UyLRMn9HnuTvRaWAVTF,['Johnny Winter'],['2ODUxmFxJSyvGiimNhMHbO'],10,1,FALSE,0.577,0.823,4,-9.127,1,0.0373,0.106,0.00108,0.164,0.854,120.767,249573,4,1973,1973
4WWVZsp4Cmw8BxEUTBth92,Lucillie,Still Alive And Well,028UyLRMn9HnuTvRaWAVTF,['Johnny Winter'],['2ODUxmFxJSyvGiimNhMHbO'],11,1,FALSE,0.585,0.865,5,-9.041,1,0.0332,0.465,0.0582,0.0654,0.919,126.919,165333,4,1973,1973
308lTs4svggfRfVjLtcX9x,From A Buick Six,Still Alive And Well,028UyLRMn9HnuTvRaWAVTF,['Johnny Winter'],['2ODUxmFxJSyvGiimNhMHbO'],12,1,FALSE,0.366,0.752,9,-9.584,1,0.0617,0.505,1.46E-05,0.164,0.805,199.219,158507,4,1973,1973
7xPjrPfjDYaYe5j0KRtpPM,A Matter Of Minutes,Whole New You,4qye8JvPSQlrkc3rOTfZmS,['Shawn Colvin'],['0K7VN4aHxHcEb7PqkfoIVA'],1,1,FALSE,0.59,0.447,8,-11.577,0,0.0319,0.405,0.047,0.0968,0.316,80.973,306693,3,2001,3/20/2001
79DGZVxH9wGZ7fT8lk0Dgc,Whole New You,Whole New You,4qye8JvPSQlrkc3rOTfZmS,['Shawn Colvin'],['0K7VN4aHxHcEb7PqkfoIVA'],2,1,FALSE,0.629,0.781,5,-7.255,1,0.024,0.0817,0.000309,0.083,0.674,105.976,240600,4,2001,3/20/2001
6dTwUqQFJRIqz6wh0ZWJfg,Nothing Like You,Whole New You,4qye8JvPSQlrkc3rOTfZmS,['Shawn Colvin'],['0K7VN4aHxHcEb7PqkfoIVA'],3,1,FALSE,0.514,0.422,0,-12.352,1,0.0321,0.653,0.00446,0.343,0.433,147.992,192067,4,2001,3/20/2001
3VHmMXBZebhbk5WnjxDgFc,Worlds Apart - Live From The Eleventh Hour Tour,"Furthermore: From the Studio, From the Stage",6DKartIgPAW1UA9YlvSvAo,['Jars Of Clay'],['1lMaDSraU3oiNUsVWJLHdF'],11,2,FALSE,0.225,0.667,4,-6.667,1,0.0443,0.251,0.00017,0.339,0.202,92.51,652080,4,2003,2/4/2003
6RxC3waOdRWE7GbNEuZ2Qa,Estoy Enamorado de Ti,Con El Mariachi Vargas De Tecalitlan (with El Mariachi Vargas de Tecalitlán),13NCFsw0EMj0JHwC9KaYwK,['Juan Gabriel'],['2MRBDr0crHWE5JwPceFncq'],6,1,FALSE,0.533,0.514,7,-8.166,1,0.0265,0.322,0,0.631,0.767,108.947,194667,4,1996,1/11/1996
6XkmguZ5hiQeAOHxh6harZ,Cold,Cheap Date,1s0s3uUaU5CVFAYU17ZAuR,['Crossfade'],['4IR8ZkpbyyKrqsIzchF3NB'],11,1,FALSE,0.451,0.839,2,-4.264,0,0.037,3.33E-05,0,0.164,0.644,147.963,198400,4,2003,1/21/2003
3el4hSHirhLNdbFXqpF2pY,Dream Body,Groove Tribe,4Arv2qXssKmDhOxKW9pUcO,['David & Steve Gordon'],['4yt002Vil1q4Vl9JOx48QG'],6,1,FALSE,0.68,0.403,11,-14.023,0,0.0456,0.256,0.768,0.299,0.46,128.024,431075,3,2011,9/13/2011
2l5YwFuysPVZm3De3JicrR,C'est l'amour,Trop précieux,6GxUJzRzNvhCKWvxk1wW3T,['Les Wampas'],['2nsGWZA0LtO7istBNsyNTE'],2,1,FALSE,0.264,0.773,9,-8.894,1,0.0628,0.02,3.02E-05,0.218,0.523,162.773,132400,4,1995,10/23/1995
1yuHYFACJMHKXyVLLwo2kj,Big Balls In Cowtown,Live at Billy Bob's Texas,4lZz3iIX7TFD31msCkui68,['Asleep At The Wheel'],['54tWKkrjv4bQgKrQrNlecm'],15,1,FALSE,0.489,0.794,0,-8.822,1,0.0943,0.732,0.461,0.893,0.519,126.794,260040,4,2003,11/3/2003
5nKe9PgCtEhqdnvXAQIBhF,Horn Intro,Good News For People Who Love Bad News,0TGTGuc2vXv6ZECoAf52N0,['Modest Mouse'],['1yAwtBaoHLEDWAnWR87hBT'],1,1,FALSE,0,0.475,1,-4.701,1,0,0.0131,0.0908,0.399,0,0,9867,0,2004,4/5/2004
5ngtOsHbydmC5nRMfMqKb4,Storm Warning - Live from CMT Listen Up,Hunter Hayes: Live,4zSTxtRhhCRtIxXsW1CQUd,['Hunter Hayes'],['7H6dkUChT5EoOQtUVMg4cN'],1,1,FALSE,0.312,0.917,2,-5.088,1,0.0834,0.0468,1.15E-06,0.843,0.492,185.834,328507,4,2012,10/16/2012
6PneuUyZWd8jfbP6ofsmAz,How Will I Know,Cousteau,06q713vQk6OonW1OFi08UJ,['Cousteau'],['6CKIxoIZhY2vZm6fQZFevA'],5,1,FALSE,0.373,0.551,0,-7.929,1,0.0365,0.543,0.000246,0.103,0.413,141.128,263560,4,2000,2000
3ME2tArFXJxO2BJrmsGUrE,Up Against The Wall,Celebrity,7zBue2Vuzg4Z3ncRXaIkJg,['*NSYNC'],['6Ff53KvcvAj5U7Z1vojB5o'],8,1,FALSE,0.721,0.865,9,-4.602,0,0.0588,0.00222,2.76E-06,0.219,0.928,129.027,217533,4,2001,7/24/2001
4joOSX3M71Gl3e2z3fnyLt,Plastic Jesus,Prairie Home Invasion,2fdICuiz7D1akByF23WZxC,"['Jello Biafra', 'Mojo Nixon']","['1ddbFlSqbqp2vuJd5CuRcE', '3FT2gnR0oxBirr2rD3OmwQ']",13,1,FALSE,0.608,0.896,5,-8.048,1,0.0339,0.0442,0.0145,0.337,0.903,107.468,271360,4,1994,1994
2EaORsICfBOD4L2DGWBlK4,Alone,Wait For Me,4zDoidNRO3T32ynjZavA3B,['Susan Tedeschi'],['5Ws3s6lSP4Un8kQf8CrAta'],1,1,FALSE,0.643,0.619,7,-7.711,0,0.0283,0.0699,0,0.111,0.694,98.17,261827,4,2002,11/19/2002
1BpXQXeWcTY942wFXJtDsF,And Ever,Forever,2SnhePzPZfzW4HUq5RlmHn,['Cranes'],['5q2ehaRqAFmM6tLl4vaVwP'],8,1,FALSE,0.595,0.268,11,-18.114,1,0.0337,0.66,0.87,0.108,0.17,140.048,248093,3,1993,4/26/1993
5ue8870MW3h4I05S8Leuw8,Quite a Feeling,C'mon Let's Pretend,6iIoj8QCjUqtWHmFPMIAub,['Sahara Hotnights'],['2VPvWVAiP9GICmwh4bLUuE'],2,1,FALSE,0.513,0.877,9,-4.581,1,0.0416,0.000386,2.87E-06,0.265,0.257,138.01,223187,4,1999,10/21/1999
05vwpro5Xu4JyptXT8lsup,"12 Caprices, Op. 25: No. 6. Adagio largamente",Piatti: Caprices for Solo Cello,2Easb8V529K45S6SgEjYE9,"['Alfredo Piatti', 'Soo Bae']","['4D2c8JnUk0Scu2PD2XcZFf', '0iWhhC8c4zQwixZlp7xAA8']",7,1,FALSE,0.209,0.0304,8,-27.026,1,0.0495,0.993,0.959,0.094,0.135,84.716,264573,4,2011,6/7/2011
53pZ8y3yMYUNpclGwIufu0,Conga,Greatest Hits,5wkQo9u8qrKOdfGqoizWPo,"['Gloria Estefan', 'Miami Sound Machine']","['5IFCkqu9J6xdWeYMk5I889', '18xgcedCGxFbqLbIQn5R8F']",1,1,FALSE,0.791,0.86,2,-8.282,1,0.0451,0.118,0.105,0.0614,0.906,122.3,255760,4,1985,1985
485gzOEOMxexQs8k6GZ5XZ,216 - Das Geheimnis im Jagdschloss - Teil 29,216/Das Geheimnis im Jagdschloss,4Q2dNebUPEFTWBlD4gxuKL,['TKKG'],['61qDotnjM0jnY5lkfOP7ve'],31,1,FALSE,0.627,0.215,8,-24.011,1,0.674,0.56,0,0.397,0.52,127.245,97227,5,2020,11/20/2020
6JC1i0HTm0R1ppOucOvORu,Made Up My Mind,Diamond Dave,699SkGK5r66007onrzXzhN,"['David Lee Roth', 'Brian Young', 'Ray Luzier', 'James Lomenzo', 'Jeremy Zuckerman']","['0KyCXNSa7ZMb5LydfKbLG3', '5uNwgCoENIHaACxxMz4q07', '6GkkjXQFA2i05eFQnkzAsh', '32oqQn0a8tBCWzXpkqAmpk', '1fbkVAnlEb34awQtWEDa6W']",2,1,FALSE,0.448,0.956,9,-3.058,1,0.215,0.106,0.000821,0.28,0.506,172.472,180560,4,2003,2003
6OEgelimCBiG9e80tgpijk,Intrnlrrr,Triskaideka,56fbZvq0zny3N7HQX2g9BF,['Syndrone'],['4mXZj2vzDAEWLMYsdaFNxH'],7,1,FALSE,0.427,0.737,0,-12.544,1,0.0692,0.00547,0.932,0.109,0.184,144.804,431387,4,2000,2000
2ayBR5tewMznTvwKPQoqg1,Moon Song,Bipolaire,2JN1HmvLA5hd11GXHg6Rh6,"['Le Yu', ""L'Indécis""]","['6wpOwvP3e2A7BvcGa4uHP3', '5p1ichthTka1KT0iUvrlIu']",4,1,FALSE,0.464,0.545,1,-6.623,0,0.268,0.478,0,0.0958,0.514,79.221,296440,4,2016,10/19/2016
7m4BZjARMPbPyt0XIb105G,Can't Feel A Thing,Cedars,3IRiN852ihrX7RgY9d1Qae,['Clearlake'],['6HWZov029BEIi66Yf6ewNy'],4,1,FALSE,0.485,0.617,6,-9.329,0,0.0343,0.0181,0.246,0.135,0.752,146.02,180360,4,2003,8/26/2003
5gsa4C5VEOwAOaEjXlIHhK,Too Far Gone,Renaissance,66sBIBnbbvuoVhc4wZwBIl,['Cosmicity'],['5SHhwLU1p9w64fd1VAOWr4'],7,1,FALSE,0.735,0.995,3,-6.929,1,0.0597,0.0518,0.000666,0.0976,0.795,133.987,204053,4,1999,1999
4DNyrKfcH1IiKPAvKTSNyF,"Overture (Suite) No. 2 in B Minor, BWV 1067: VII. Badinerie",My First Classical Music Album,2l99EYx8kYMrT3nN9KB9ms,"['Johann Sebastian Bach', 'Cologne Chamber Orchestra', 'Helmut Muller-Bruhl']","['5aIqB5nVVvmFsvSdExz408', '16WKM2I7sY0uccRe5tlRc6', '2A5MfDq59CDZg119HhLcT7']",6,1,FALSE,0.515,0.269,11,-21.859,0,0.037,0.847,0.0897,0.0757,0.964,130.998,90107,4,2011,11/1/2011
23VBZ9Qt5w0cX5UjugBA4n,In a World of My Own Making,A Small Deadly Space,0pMR8Y18PiGRlgG12tsdBM,"['Rob Halford', 'Fight']","['7CTjkl9M3enzBBfm1u10Sy', '1o3JGBwBOZeHlL0BOAhD9t']",10,1,FALSE,0.322,0.298,11,-8.274,0,0.0312,0.16,0.00703,0.27,0.0624,101.904,427160,4,1995,3/31/1995
7rFlJt5oQ7eqVt6ZONqYT8,Helt Borte,Helt Borte,7EzqjCZl8OG0RTgsx8J9UR,['Pechenga'],['6nWc8FJj9Aw28TX1p2WxSa'],7,1,FALSE,0.335,0.0274,3,-27.182,0,0.0373,0.931,0.912,0.103,0.208,119.727,188840,4,2011,5/9/2011
2YIp7aR250kRw5VBqznXPM,Between The Two,Doll Revolution,2sYyYuLaLorfDy5cWBcGYD,['The Bangles'],['51l0uqRxGaczYr4271pVIC'],14,1,FALSE,0.501,0.938,11,-5.534,1,0.0421,0.00512,7.13E-05,0.288,0.757,135.245,222373,4,2003,9/23/2003
3hVpfdOo5xWjMxRT7djXFE,feels,Fuzz,54iOTwMz8eAKOtBlnIEw4A,['Moodie Black'],['3rd7jOmgOraHucrcvhYVy6'],2,1,TRUE,0.288,0.986,0,-1.445,0,0.102,0.00105,0.258,0.448,0.0402,92.803,185826,4,2020,3/27/2020
